# id	role	gate	path	title
E00_01	CODE	0	docs/tasks/E00/E00_01.md	Cargo workspace with three crates
E00_02	DOC	0	docs/tasks/E00/E00_02.md	Fetch Pan Docs and test ROMs
E00_03	CODE	1	docs/tasks/E00/E00_03.md	CI workflow and repo hygiene
D_01	DOC	0	docs/tasks/D/D_01.md	Sources inventory
D_02	DOC	0	docs/tasks/D/D_02.md	Note: timing
D_03	DOC	0	docs/tasks/D/D_03.md	Note: timer
D_04	DOC	0	docs/tasks/D/D_04.md	Opcode table (generated, verified)
D_05	DOC	0	docs/tasks/D/D_05.md	Note: CPU core
D_06	DOC	0	docs/tasks/D/D_06.md	Note: CPU interrupts and halt
D_07	DOC	0	docs/tasks/D/D_07.md	Note: memory map
D_08	DOC	0	docs/tasks/D/D_08.md	Note: I/O registers
D_09	DOC	0	docs/tasks/D/D_09.md	Note: video registers
D_10	DOC	0	docs/tasks/D/D_10.md	Note: video rendering
D_11	DOC	0	docs/tasks/D/D_11.md	Note: audio channels
D_12	DOC	0	docs/tasks/D/D_12.md	Note: audio mixing
D_13	DOC	0	docs/tasks/D/D_13.md	Note: joypad and serial
D_14	DOC	0	docs/tasks/D/D_14.md	Note: cartridge header
D_15	DOC	0	docs/tasks/D/D_15.md	Note: mappers
D_16	DOC	0	docs/tasks/D/D_16.md	Note: boot and reset
D_17	DOC	0	docs/tasks/D/D_17.md	Note: test ROM catalog
D_18	DOC	1	docs/tasks/D/D_18.md	Coverage matrix and documentation GATE
A_01	ARCH	1	docs/tasks/A/A_01.md	Decision: master clock, tick, chip order
A_02	ARCH	1	docs/tasks/A/A_02.md	Decision: bus design
A_03	ARCH	1	docs/tasks/A/A_03.md	Decision: CPU micro-op model
A_04	ARCH	1	docs/tasks/A/A_04.md	Decision: buffers, cadence, core/frontend boundary
A_05	ARCH	1	docs/tasks/A/A_05.md	Decision: save states and determinism
A_06	ARCH	1	docs/tasks/A/A_06.md	Decision: supported variants and first target
A_07	ARCH	1	docs/tasks/A/A_07.md	Decision: test strategy
E01_01	CODE	0	docs/tasks/E01/E01_01.md	Machine trait, Dmg struct, errors, post-boot state
E01_02	CODE	0	docs/tasks/E01/E01_02.md	Cartridge header parsing
E01_03	CODE	0	docs/tasks/E01/E01_03.md	Bus: regions, echo, peek
E01_04	CODE	1	docs/tasks/E01/E01_04.md	ROM-only mapper and CLI info
E02_01	CODE	0	docs/tasks/E02/E02_01.md	Registers and flag helpers
E02_02	CODE	0	docs/tasks/E02/E02_02.md	Micro-op engine and NOP
E02_03	CODE	0	docs/tasks/E02/E02_03.md	Generated opcode table installed
E02_04	CODE	0	docs/tasks/E02/E02_04.md	LD r,r and LD r,n
E02_05	CODE	0	docs/tasks/E02/E02_05.md	LD through (HL), (BC), (DE)
E02_06	CODE	0	docs/tasks/E02/E02_06.md	LD absolute, high memory, HL+/HL-
E02_07	CODE	0	docs/tasks/E02/E02_07.md	16-bit immediate loads
E02_08	CODE	0	docs/tasks/E02/E02_08.md	PUSH and POP
E02_09	CODE	0	docs/tasks/E02/E02_09.md	ADD ADC SUB SBC
E02_10	CODE	0	docs/tasks/E02/E02_10.md	AND XOR OR CP
E02_11	CODE	0	docs/tasks/E02/E02_11.md	INC and DEC 8-bit
E02_12	CODE	0	docs/tasks/E02/E02_12.md	ADD HL,rr and INC/DEC rr
E02_13	CODE	0	docs/tasks/E02/E02_13.md	ADD SP,e and LD HL,SP+e
E02_14	CODE	0	docs/tasks/E02/E02_14.md	Accumulator rotates, CPL, SCF, CCF
E02_15	CODE	0	docs/tasks/E02/E02_15.md	DAA
E02_16	CODE	0	docs/tasks/E02/E02_16.md	CB rotates and shifts on registers
E02_17	CODE	0	docs/tasks/E02/E02_17.md	CB BIT RES SET on registers
E02_18	CODE	0	docs/tasks/E02/E02_18.md	CB (HL) forms and full CB table
E02_19	CODE	0	docs/tasks/E02/E02_19.md	JP and JR
E02_20	CODE	0	docs/tasks/E02/E02_20.md	CALL, RET, RST
E02_21	CODE	0	docs/tasks/E02/E02_21.md	IF, IE, IME, EI and DI
E02_22	CODE	0	docs/tasks/E02/E02_22.md	Interrupt dispatch and RETI
E02_23	CODE	0	docs/tasks/E02/E02_23.md	HALT, HALT bug and wake-up
E02_24	CODE	0	docs/tasks/E02/E02_24.md	STOP and illegal opcodes
E02_25	CODE	0	docs/tasks/E02/E02_25.md	Timer internal counter and DIV
E02_26	CODE	0	docs/tasks/E02/E02_26.md	TIMA increments and TAC
E02_27	CODE	0	docs/tasks/E02/E02_27.md	TIMA overflow and timer interrupt
E02_28	CODE	0	docs/tasks/E02/E02_28.md	Serial registers and output buffer
E02_29	CODE	0	docs/tasks/E02/E02_29.md	Minimal PPU stub for LY and VBlank
E02_30	CODE	0	docs/tasks/E02/E02_30.md	CLI run command
E02_31	CODE	0	docs/tasks/E02/E02_31.md	CLI instruction trace
E02_32	TEST	0	docs/tasks/E02/E02_32.md	blargg cpu_instrs 01 special
E02_33	TEST	0	docs/tasks/E02/E02_33.md	blargg cpu_instrs 03 op sp,hl
E02_34	TEST	0	docs/tasks/E02/E02_34.md	blargg cpu_instrs 04 op r,imm
E02_35	TEST	0	docs/tasks/E02/E02_35.md	blargg cpu_instrs 05 op rp
E02_36	TEST	0	docs/tasks/E02/E02_36.md	blargg cpu_instrs 06 ld r,r
E02_37	TEST	0	docs/tasks/E02/E02_37.md	blargg cpu_instrs 07 jr,jp,call,ret,rst
E02_38	TEST	0	docs/tasks/E02/E02_38.md	blargg cpu_instrs 08 misc instrs
E02_39	TEST	0	docs/tasks/E02/E02_39.md	blargg cpu_instrs 09 op r,r
E02_40	TEST	0	docs/tasks/E02/E02_40.md	blargg cpu_instrs 02 interrupts
E02_41	TEST	0	docs/tasks/E02/E02_41.md	blargg cpu_instrs 10 bit ops
E02_42	TEST	0	docs/tasks/E02/E02_42.md	blargg cpu_instrs 11 op a,(hl)
E02_43	TEST	0	docs/tasks/E02/E02_43.md	blargg instr_timing
E02_44	TEST	0	docs/tasks/E02/E02_44.md	blargg mem_timing 01 read
E02_45	TEST	0	docs/tasks/E02/E02_45.md	blargg mem_timing 02 write
E02_46	TEST	1	docs/tasks/E02/E02_46.md	blargg mem_timing 03 modify
E03_01	CODE	0	docs/tasks/E03/E03_01.md	PPU timing, modes, STAT, LCDC
E03_02	CODE	0	docs/tasks/E03/E03_02.md	OAM scan and VRAM/OAM access blocking
E03_03	CODE	0	docs/tasks/E03/E03_03.md	Background and window pixel pipeline
E03_04	CODE	0	docs/tasks/E03/E03_04.md	Sprites in the pipeline
E03_05	CODE	0	docs/tasks/E03/E03_05.md	Palettes and framebuffer
E03_06	CODE	0	docs/tasks/E03/E03_06.md	OAM DMA
E03_07	TEST	1	docs/tasks/E03/E03_07.md	dmg-acid2 and framebuffer hash
E04_01	CODE	0	docs/tasks/E04/E04_01.md	APU skeleton and frame sequencer
E04_02	CODE	0	docs/tasks/E04/E04_02.md	Pulse channels 1 and 2
E04_03	CODE	0	docs/tasks/E04/E04_03.md	Wave channel 3
E04_04	CODE	0	docs/tasks/E04/E04_04.md	Noise channel 4
E04_05	CODE	0	docs/tasks/E04/E04_05.md	Mixer and sample output
E04_06	TEST	0	docs/tasks/E04/E04_06.md	dmg_sound ROMs 01 to 06
E04_07	TEST	1	docs/tasks/E04/E04_07.md	dmg_sound ROMs 07 to 12
E05_01	CODE	0	docs/tasks/E05/E05_01.md	Joypad
E05_02	CODE	0	docs/tasks/E05/E05_02.md	MBC1
E05_03	CODE	0	docs/tasks/E05/E05_03.md	MBC2
E05_04	CODE	0	docs/tasks/E05/E05_04.md	MBC3 with RTC
E05_05	CODE	0	docs/tasks/E05/E05_05.md	MBC5
E05_06	CODE	1	docs/tasks/E05/E05_06.md	Battery RAM API
E06_01	CODE	0	docs/tasks/E06/E06_01.md	CLI suite runner
E06_02	TEST	0	docs/tasks/E06/E06_02.md	Fill the manifest
E06_03	TEST	1	docs/tasks/E06/E06_03.md	Baseline and regression rule
E07_01	CODE	0	docs/tasks/E07/E07_01.md	eframe window and texture
E07_02	CODE	0	docs/tasks/E07/E07_02.md	Emulation thread and pacing
E07_03	CODE	0	docs/tasks/E07/E07_03.md	cpal output and lock-free ring buffer
E07_04	CODE	0	docs/tasks/E07/E07_04.md	Resampler with low-pass filter
E07_05	CODE	0	docs/tasks/E07/E07_05.md	Keyboard and gamepad input
E07_06	CODE	1	docs/tasks/E07/E07_06.md	Menu, volume, fullscreen, key config
E08_01	CODE	0	docs/tasks/E08/E08_01.md	Core debug snapshots (peek)
E08_02	CODE	0	docs/tasks/E08/E08_02.md	Tile and background viewer
E08_03	CODE	0	docs/tasks/E08/E08_03.md	OAM, palette and memory viewers
E08_04	CODE	1	docs/tasks/E08/E08_04.md	CPU trace window
E09_01	CODE	0	docs/tasks/E09/E09_01.md	Savestate format
E09_02	CODE	0	docs/tasks/E09/E09_02.md	State of every component
E09_03	TEST	0	docs/tasks/E09/E09_03.md	Determinism tests
E09_04	CODE	1	docs/tasks/E09/E09_04.md	Save states in the desktop app
